Area;Status
Area 1;Codex • +1% Increased Codex Drop Rate
Area 2;Codex • +1% Increased Codex Drop Rate
Area 3;Codex • +1% Increased Codex Drop Rate
Area 4;Conjuring Darkness • +1% Increased Spawn Chance of Chaos Pillars
Area 5;Lucky Hit • +1% Chance to do a Lucky Hit Rolling Till Failior, Dropping Additional Ore for each Successful Roll
Area 6;Codex • +1% Increased Codex Drop Rate
Area 7;Codex • +1% Increased Codex Drop Rate
Area 8;Codex • +1% Increased Codex Drop Rate
Area 9;Codex • +1% Increased Codex Drop Rate
Area 10;Codex • +1% Increased Codex Drop Rate
Area 11;Codex • +1% Increased Codex Drop Rate
Area 12;Finding the Key • +15% Monster Within the Dungeon have an Increased Chance of Dropping a Key for that Dungeon
Area 13;Cursed Lands • +3% Increased Chance to Spawn Cursed Spirit in the Zone
Area 14;Unstable Presence • +1% Increased Chance to Spawn an Unstable Rift on you Maps
Area 15;Unholy Sieging • +3% Chance to Spawn an Unholy Siege in the Zone
Area 16;Codex • +1% Increased Codex Drop Rate
Area 17;Codex • +1% Increased Codex Drop Rate
Area 18;Codex • +1% Increased Codex Drop Rate
Area 19;Presence of Evil • +1% Increased Chance to Drop Prime Evil Parts from Act Bosses
Area 20;Real of Angels • +1% Chance for Overworld Monsters to Spawn with the Fallen Angel Affix
Area 21;Fortune of the Garden • +10% Dragon Monsters in Ruby Gardens gain Increased Magic Find
Area 22;Fortune of the Garden • +10% Dragon Monsters in Ruby Gardens gain Increased Magic Find
Area 23;Fortune of the Garden • +10% Dragon Monsters in Ruby Gardens gain Increased Magic Find
Area 24;Fortune of the Garden • +10% Dragon Monsters in Ruby Gardens gain Increased Magic Find
Area 25;Magic Find • +1% Increased Total Magic Find
Area 26;Magic Find • +1% Increased Total Magic Find
Area 27;Unstable Presence • +1% Increased Chance to Spawn an Unstable Rift on you Maps
Area 28;Unstable Presence • +1% Increased Chance to Spawn an Unstable Rift on you Maps
Area 29;Unstable Presence • +1% Increased Chance to Spawn an Unstable Rift on you Maps
Area 30;Ruby Treasure • +1% Chance to Increase the Amount of Times Chests are Opened Within Ruby Gardens
Area 31;Ruby Treasure • +1% Chance to Increase the Amount of Times Chests are Opened Within Ruby Gardens
Area 32;Ruby Treasure • +1% Chance to Increase the Amount of Times Chests are Opened Within Ruby Gardens
Area 33;Garden Goblins • +1% Chance to Spawn Treasure Goblins when Opening a Ruby Chest Within Ruby Gardens
Area 34;Garden Goblins • +1% Chance to Spawn Treasure Goblins when Opening a Ruby Chest Within Ruby Gardens
Area 35;Garden Goblins • +1% Chance to Spawn Treasure Goblins when Opening a Ruby Chest Within Ruby Gardens
Area 36;Ruby Treasure • +1% Chance to Increase the Amount of Times Chests are Opened Within Ruby Gardens
Area 37;Ruby Treasure • +1% Chance to Increase the Amount of Times Chests are Opened Within Ruby Gardens
Area 38;Ruby Treasure • +1% Chance to Increase the Amount of Times Chests are Opened Within Ruby Gardens
Area 39;Ruby Treasure • +1% Chance to Increase the Amount of Times Chests are Opened Within Ruby Gardens
Area 40;Garden Goblins • +1% Chance to Spawn Treasure Goblins when Opening a Ruby Chest Within Ruby Gardens
Area 41;Garden Goblins • +1% Chance to Spawn Treasure Goblins when Opening a Ruby Chest Within Ruby Gardens
Area 42;Dragon's Slumber • +100% Spawn Five Ruby Chest where Endrixia Would Spawn. Endrixia no Longer Spawns
Area 43;Fortune of the Garden • +10% Dragon Monsters in Ruby Gardens gain Increased Magic Find
Area 44;Fortune of the Garden • +10% Dragon Monsters in Ruby Gardens gain Increased Magic Find
Area 45;Chaotic Endrixia • +1% Endrixia Gains Increased Life and Damage but has a Chance to Drop an Unholy or Angelic Charm
Area 46;Garden's Blessing • +25% Chance to Spawn Up to 10 Additional Ruby Chest in Ruby Gardens
Area 47;Ruby Treasure • +1% Chance to Increase the Amount of Times Chests are Opened Within Ruby Gardens
Area 48;Material Unstability • +1% Monster have an Increased Chance of Dropping Unstable Dust when Killed
Area 49;Material Unstability • +1% Monster have an Increased Chance of Dropping Unstable Dust when Killed
Area 50;Material Unstability • +1% Monster have an Increased Chance of Dropping Unstable Dust when Killed
Area 51;Magic Find • +1% Increased Total Magic Find
Area 52;Magic Find • +1% Increased Total Magic Find
Area 53;Magic Find • +1% Increased Total Magic Find
Area 54;Essence Vaults • +1% Monsters have an Increased Chance of Dropping Essence Vaults when Killed
Area 55;Essence Vaults • +1% Monsters have an Increased Chance of Dropping Essence Vaults when Killed
Area 56;Essence Vaults • +1% Monsters have an Increased Chance of Dropping Essence Vaults when Killed
Area 57;Unstable Presence • +1% Increased Chance to Spawn an Unstable Rift on you Maps
Area 58;Unstable Presence • +1% Increased Chance to Spawn an Unstable Rift on you Maps
Area 59;Unstable Presence • +1% Increased Chance to Spawn an Unstable Rift on you Maps
Area 60;Material Unstability • +1% Monster have an Increased Chance of Dropping Unstable Dust when Killed
Area 61;Material Unstability • +1% Monster have an Increased Chance of Dropping Unstable Dust when Killed
Area 62;Unstable Conquest • +100% Guaranteed Tier 4 KeyDungeon When Being Warped Into a Dungeon
Area 63;Mirror of Unstability • +5% Chance to Duplicate any Unique Item Drops Within the Unstable Rift, The Additional Item is Mirrored
Area 64;Warped Fortune • +50% Increased Total Magic Find Inside Unstable Rift
Area 65;Unstable Presence • +1% Increased Chance to Spawn an Unstable Rift on you Maps
Area 66;Unstable Presence • +1% Increased Chance to Spawn an Unstable Rift on you Maps
Area 67;Not Unstable Enough • +1% Chance for Monster Pack to have Extra Mosnters in Unstable Rift
Area 68;Not Unstable Enough • +1% Chance for Monster Pack to have Extra Mosnters in Unstable Rift
Area 69;Orbital Stability • +1% Ancient Monsters Within the Unstable Rift have a Chance to be Respawned as Orb Goblins
Area 70;Orbital Stability • +1% Ancient Monsters Within the Unstable Rift have a Chance to be Respawned as Orb Goblins
Area 71;Chaotic Fortune • +8% Increased Chance to Warp Into Rift of Fortune When Entering an Unstable Rift
Area 72;Glitched Timeline • +8% Chance to be Warped Into Asgard when Entering an Unstable Rift
Area 73;Unstable Presence • +1% Increased Chance to Spawn an Unstable Rift on you Maps
Area 74;Unstable Presence • +1% Increased Chance to Spawn an Unstable Rift on you Maps
Area 75;Unholy Sieging • +3% Chance to Spawn an Unholy Siege in the Zone
Area 76;Unholy Sieging • +3% Chance to Spawn an Unholy Siege in the Zone
Area 77;Unholy Sieging • +3% Chance to Spawn an Unholy Siege in the Zone
Area 78;Magic Find • +1% Increased Total Magic Find
Area 79;Magic Find • +1% Increased Total Magic Find
Area 80;Unholy Magic Find • +3% Increased Magic Find on Monsters from Unholy Siege
Area 81;Unholy Magic Find • +3% Increased Magic Find on Monsters from Unholy Siege
Area 82;Unholy Magic Find • +3% Increased Magic Find on Monsters from Unholy Siege
Area 83;Magic Find • +1% Increased Total Magic Find
Area 84;Magic Find • +1% Increased Total Magic Find
Area 85;Magic Find • +1% Increased Total Magic Find
Area 86;Unholy Cards • +3% Increased Chance for Unholy Siege Monsters to Drop Tarot Cards
Area 87;Unholy Cards • +3% Increased Chance for Unholy Siege Monsters to Drop Tarot Cards
Area 88;Unholy Cards • +3% Increased Chance for Unholy Siege Monsters to Drop Tarot Cards
Area 89;Unholy Sieging • +3% Chance to Spawn an Unholy Siege in the Zone
Area 90;Unholy Sieging • +3% Chance to Spawn an Unholy Siege in the Zone
Area 91;Long Lasting Siege • +1 to Maximum Unholy Siege Waves
Area 92;Siege Swarm • +1 Additional Monster Pack per Wave
Area 93;Siege Swarm • +1 Additional Monster Pack per Wave
Area 94;Unholy Magic Find • +3% Increased Magic Find on Monsters from Unholy Siege
Area 95;Unholy Magic Find • +3% Increased Magic Find on Monsters from Unholy Siege
Area 96;Unholy Sieging • +3% Chance to Spawn an Unholy Siege in the Zone
Area 97;Unholy Cards • +3% Increased Chance for Unholy Siege Monsters to Drop Tarot Cards
Area 98;Unholy Cards • +3% Increased Chance for Unholy Siege Monsters to Drop Tarot Cards
Area 99;Unholy Cards • +3% Increased Chance for Unholy Siege Monsters to Drop Tarot Cards
Area 100;Unholy Cards • +3% Increased Chance for Unholy Siege Monsters to Drop Tarot Cards
Area 101;Lucky Hit • +1% Chance to do a Lucky Hit Rolling Till Failior, Dropping Additional Ore for each Successful Roll
Area 102;Lucky Hit • +1% Chance to do a Lucky Hit Rolling Till Failior, Dropping Additional Ore for each Successful Roll
Area 103;Abudance of Materials • +1% Increases the Chance of an Ore Node to Spawn as a Rich or an Overflowing Vein
Area 104;Magic Find • +1% Increased Total Magic Find
Area 105;Magic Find • +1% Increased Total Magic Find
Area 106;Abudance of Materials • +1% Increases the Chance of an Ore Node to Spawn as a Rich or an Overflowing Vein
Area 107;Abudance of Materials • +1% Increases the Chance of an Ore Node to Spawn as a Rich or an Overflowing Vein
Area 108;Abudance of Materials • +1% Increases the Chance of an Ore Node to Spawn as a Rich or an Overflowing Vein
Area 109;Magic Find • +1% Increased Total Magic Find
Area 110;Magic Find • +1% Increased Total Magic Find
Area 111;Magic Find • +1% Increased Total Magic Find
Area 112;Lucky Hit • +1% Chance to do a Lucky Hit Rolling Till Failior, Dropping Additional Ore for each Successful Roll
Area 113;Lucky Hit • +1% Chance to do a Lucky Hit Rolling Till Failior, Dropping Additional Ore for each Successful Roll
Area 114;Lucky Hit • +1% Chance to do a Lucky Hit Rolling Till Failior, Dropping Additional Ore for each Successful Roll
Area 115;Abudance of Materials • +1% Increases the Chance of an Ore Node to Spawn as a Rich or an Overflowing Vein
Area 116;Abudance of Materials • +1% Increases the Chance of an Ore Node to Spawn as a Rich or an Overflowing Vein
Area 117;Goblin Patrol • +1% Chance to Get Ambushed by Ore Goblins That Drop Ore and Materials Based on the Mined Node 
Area 118;Divine Luck • +10% Chance for a Gold and Ruby Ore Node to Randomly Drop any Tarot Card
Area 119;Abudance of Materials • +1% Increases the Chance of an Ore Node to Spawn as a Rich or an Overflowing Vein
Area 120;Abudance of Materials • +1% Increases the Chance of an Ore Node to Spawn as a Rich or an Overflowing Vein
Area 121;Lucky Hit • +1% Chance to do a Lucky Hit Rolling Till Failior, Dropping Additional Ore for each Successful Roll
Area 122;Lucky Hit • +1% Chance to do a Lucky Hit Rolling Till Failior, Dropping Additional Ore for each Successful Roll
Area 123;Pristine Extraction • +10% Chance to Drop Pristine Gem from an Overflowing Vein
Area 124;Jewelry Within • +1% Chance to Drop an Uncut Jewel when Mining an Ore Node
Area 125;Jewelry Within • +1% Chance to Drop an Uncut Jewel when Mining an Ore Node
Area 126;Careful Extraction • +10% Chance for the Ore Node to Not Break Upon Mining and Become Mineable Again 
Area 127;Swift Labour • +10% Gain Movement Phasing and Stacking Movement Speed after Mining a Node
Area 128;Swift Labour • +10% Gain Movement Phasing and Stacking Movement Speed after Mining a Node
Area 129;Swift Labour • +10% Gain Movement Phasing and Stacking Movement Speed after Mining a Node
Area 130;Magic Find • +1% Increased Total Magic Find
Area 131;Magic Find • +1% Increased Total Magic Find
Area 132;Conjuring Darkness • +1% Increased Spawn Chance of Chaos Pillars
Area 133;Conjuring Darkness • +1% Increased Spawn Chance of Chaos Pillars
Area 134;Density of Evil • +1% Inreases the Chance of Higher Tier Chaos Pillars
Area 135;Density of Evil • +1% Inreases the Chance of Higher Tier Chaos Pillars
Area 136;Density of Evil • +1% Inreases the Chance of Higher Tier Chaos Pillars
Area 137;Density of Evil • +1% Inreases the Chance of Higher Tier Chaos Pillars
Area 138;Magic Find • +1% Increased Total Magic Find
Area 139;Magic Find • +1% Increased Total Magic Find
Area 140;Magic Find • +1% Increased Total Magic Find
Area 141;Dwelling Evil • +1% Increased Amount of Monsters Spawned by Chaos Pillars
Area 142;Dwelling Evil • +1% Increased Amount of Monsters Spawned by Chaos Pillars
Area 143;Dwelling Evil • +1% Increased Amount of Monsters Spawned by Chaos Pillars
Area 144;Relic Infused Chaos • +5% Chance for a Chaos Pillars to Have the Relic Affix
Area 145;Glimmering Darkness • +5% Chance for a Chaos Pillars to Have a Unique Items Affix
Area 146;Step in the Dark • +5% Gain Increased Movement Speed for a Short Duration when Opening a Pillar
Area 147;Step in the Dark • +5% Gain Increased Movement Speed for a Short Duration when Opening a Pillar
Area 148;Dwelling Evil • +1% Increased Amount of Monsters Spawned by Chaos Pillars
Area 149;Dwelling Evil • +1% Increased Amount of Monsters Spawned by Chaos Pillars
Area 150;Dwelling Evil • +1% Increased Amount of Monsters Spawned by Chaos Pillars
Area 151;Dwelling Evil • +1% Increased Amount of Monsters Spawned by Chaos Pillars
Area 152;Dwelling Evil • +1% Increased Amount of Monsters Spawned by Chaos Pillars
Area 153;Dwelling Evil • +1% Increased Amount of Monsters Spawned by Chaos Pillars
Area 154;Density of Evil • +1% Inreases the Chance of Higher Tier Chaos Pillars
Area 155;Density of Evil • +1% Inreases the Chance of Higher Tier Chaos Pillars
Area 156;Evil Within The Chaos • +3% Chance for a Chaos Pillar to Have Boss Materials Affix
Area 157;Player of Darkness • +100% Gain a Randow Shrine Buff When Opening a Chaos Pillar
Area 158;Chaotic Aftershock • +10% Chance for a Chaos Pillar to Activate Twice
Area 159;Chaos Multitude • +3 Increased Amount of Chaos Pillars
Area 160;Hierarchy of Chaos • +1% Chance for Monstersto Spawn as Higher Rarity
Area 161;Hierarchy of Chaos • +1% Chance for Monstersto Spawn as Higher Rarity
Area 162;Hierarchy of Chaos • +1% Chance for Monstersto Spawn as Higher Rarity
Area 163;Hierarchy of Chaos • +1% Chance for Monstersto Spawn as Higher Rarity
Area 164;Hierarchy of Chaos • +1% Chance for Monstersto Spawn as Higher Rarity
Area 165;Hierarchy of Chaos • +1% Chance for Monstersto Spawn as Higher Rarity
Area 166;The Tower's Presence • +1% Increased Chance to Find a Chaos Tower
Area 167;The Tower's Presence • +1% Increased Chance to Find a Chaos Tower
Area 168;The Tower's Presence • +1% Increased Chance to Find a Chaos Tower
Area 169;Soul Valuation • +1% Increased Monster Magic Find in Chaos Tower Floors
Area 170;Magic Find • +1% Increased Total Magic Find
Area 171;Magic Find • +1% Increased Total Magic Find
Area 172;Soul Valuation • +1% Increased Monster Magic Find in Chaos Tower Floors
Area 173;Soul Valuation • +1% Increased Monster Magic Find in Chaos Tower Floors
Area 174;Soul Valuation • +1% Increased Monster Magic Find in Chaos Tower Floors
Area 175;Magic Find • +1% Increased Total Magic Find
Area 176;Magic Find • +1% Increased Total Magic Find
Area 177;Magic Find • +1% Increased Total Magic Find
Area 178;Safe Haven • +1% Chance per Floor for Debuffs to be Disable
Area 179;Safe Haven • +1% Chance per Floor for Debuffs to be Disable
Area 180;Safe Haven • +1% Chance per Floor for Debuffs to be Disable
Area 181;Safe Haven • +1% Chance per Floor for Debuffs to be Disable
Area 182;Safe Haven • +1% Chance per Floor for Debuffs to be Disable
Area 183;Safe Haven • +1% Chance per Floor for Debuffs to be Disable
Area 184;Safe Haven • +1% Chance per Floor for Debuffs to be Disable
Area 185;Safe Haven • +1% Chance per Floor for Debuffs to be Disable
Area 186;Tower Revelation • +100% Chaos Tower is Always Revealed on the Map
Area 187;Safe Haven • +1% Chance per Floor for Debuffs to be Disable
Area 188;Safe Haven • +1% Chance per Floor for Debuffs to be Disable
Area 189;Raging Chaos • +25% Increased Monster Movement Speed Inside Chaos Tower
Area 190;Safe Haven • +1% Chance per Floor for Debuffs to be Disable
Area 191;Safe Haven • +1% Chance per Floor for Debuffs to be Disable
Area 192;Safe Haven • +1% Chance per Floor for Debuffs to be Disable
Area 193;More Ways of Suffering • +1 Gain an Additional Debuff Option
Area 194;Safe Haven • +1% Chance per Floor for Debuffs to be Disable
Area 195;Safe Haven • +1% Chance per Floor for Debuffs to be Disable
Area 196;Whispering of the Colosseum • +15% Chance per Floor to Drop a Colosseum Fragment
Area 197;Amplified Magic Find • +10% Increased Total Magic Find Applied to the Chaos Tower Chest
Area 198;Divine Blessing • +1 Gain to Additional Chaos Tower Buff
Area 199;Ying & Yang • +2 Gain Two Additional Chaos Tower Buffs Doubling the Effectiveness of all Your Debuffs
Area 200;Chaotic Population Increase • +1% Increased Amount of Monsters per Floor
Area 201;Chaotic Population Increase • +1% Increased Amount of Monsters per Floor
Area 202;The Tower's Presence • +1% Increased Chance to Find a Chaos Tower
Area 203;The Tower's Presence • +1% Increased Chance to Find a Chaos Tower
Area 204;Safe Haven • +1% Chance per Floor for Debuffs to be Disable
Area 205;Chaotic Population Increase • +1% Increased  Amount of Monsters per Floor
Area 206;Chaotic Population Increase • +1% Increased Amount of Monsters per Floor
Area 207;Magic Find • +1% Increased Total Magic Find
Area 208;Magic Find • +1% Increased Total Magic Find
Area 209;Magic Find • +1% Increased Total Magic Find
Area 210;Timecursed Entities • +3% Increased Life Time Replenished per Monster Kill
Area 211;Timecursed Entities • +3% Increased Life Time Replenished per Monster Kill
Area 212;Timecursed Entities • +3% Increased Life Time Replenished per Monster Kill
Area 213;Magic Find • +1% Increased Total Magic Find
Area 214;Magic Find • +1% Increased Total Magic Find
Area 215;Timecursed Entities • +3% Increased Life Time Replenished per Monster Kill
Area 216;Time Depletion • +5% Decreased wait Time Between Spawns
Area 217;Time Depletion • +5% Decreased wait Time Between Spawns
Area 218;Time Depletion • +5% Decreased wait Time Between Spawns
Area 219;Time Depletion • +5% Decreased wait Time Between Spawns
Area 220;Time Depletion • +5% Decreased wait Time Between Spawns
Area 221;Time Depletion • +5% Decreased wait Time Between Spawns
Area 222;Stacked Magic Find • +3% Increased Magic Find from Wave Clears
Area 223;Stacked Magic Find • +3% Increased Magic Find from Wave Clears
Area 224;Cursed Swarm • +1 Chance for an Additional Monster Pack per Spawn
Area 225;Cursed Lifespan • +10% Increased Maximum Life Time
Area 226;Timecursed Entities • +3% Increased Life Time Replenished per Monster Kill
Area 227;Timecursed Entities • +3% Increased Life Time Replenished per Monster Kill
Area 228;Timecursed Entities • +3% Increased Life Time Replenished per Monster Kill
Area 229;Timecursed Entities • +3% Increased Life Time Replenished per Monster Kill
Area 230;Timecursed Pustule • +1 Additional Pustule per Spawn
Area 231;Cursed Lands • +3% Increased Chance to Spawn Cursed Spirit in the Zone
Area 232;Cursed Lands • +3% Increased Chance to Spawn Cursed Spirit in the Zone
Area 233;Finding the Key • +15% Monster Within the Dungeon have an Increased Chance of Dropping a Key for that Dungeon
Area 234;Finding the Key • +15% Monster Within the Dungeon have an Increased Chance of Dropping a Key for that Dungeon
Area 235;Valuabre Dungeon • +10% Increases the Magic Find of Monsters Inside Dungeons
Area 236;Magic Find • +1% Increased Total Magic Find
Area 237;Magic Find • +1% Increased Total Magic Find
Area 238;Bypassing the Lock • +1% Chance to not Consume the Dungeon Keys when Entering a Challenge Dungeon
Area 239;Bypassing the Lock • +1% Chance to not Consume the Dungeon Keys when Entering a Challenge Dungeon
Area 240;Bypassing the Lock • +1% Chance to not Consume the Dungeon Keys when Entering a Challenge Dungeon
Area 241;Magic Find • +1% Increased Total Magic Find
Area 242;Magic Find • +1% Increased Total Magic Find
Area 243;Magic Find • +1% Increased Total Magic Find
Area 244;Bypassing the Lock • +1% Chance to not Consume the Dungeon Keys when Entering a Challenge Dungeon
Area 245;Valuabre Dungeon • +10% Increases the Magic Find of Monsters Inside Dungeons
Area 246;Valuabre Dungeon • +10% Increases the Magic Find of Monsters Inside Dungeons
Area 247;Valuabre Dungeon • +10% Increases the Magic Find of Monsters Inside Dungeons
Area 248;Magic Find • +1% Increased Total Magic Find
Area 249;Magic Find • +1% Increased Total Magic Find
Area 250;The Call to War • +1% Increased Chance to Spawn an Ethernal Battlefield in Your Maps
Area 251;The Call to War • +1% Increased Chance to Spawn an Ethernal Battlefield in Your Maps
Area 252;The Call to War • +1% Increased Chance to Spawn an Ethernal Battlefield in Your Maps
Area 253;The Call to War • +1% Increased Chance to Spawn an Ethernal Battlefield in Your Maps
Area 254;Legion of War • +1% Chance for Monsters from Eternal Battlefield to Spawn as Higher Rarity
Area 255;Legion of War • +1% Chance for Monsters from Eternal Battlefield to Spawn as Higher Rarity
Area 256;Legion of War • +1% Chance for Monsters from Eternal Battlefield to Spawn as Higher Rarity
Area 257;Magic Find • +1% Increased Total Magic Find
Area 258;Magic Find • +1% Increased Total Magic Find
Area 259;Magic Find • +1% Increased Total Magic Find
Area 260;Not Challenging Enough? • +100% Increased Challenge Dungeon Buffs and Debuffs
Area 261;Finding the Key • +15% Monster Within the Dungeon have an Increased Chance of Dropping a Key for that Dungeon
Area 262;Finding the Key • +15% Monster Within the Dungeon have an Increased Chance of Dropping a Key for that Dungeon
Area 263;Bypassing the Lock • +1% Chance to not Consume the Dungeon Keys when Entering a Challenge Dungeon
Area 264;Bypassing the Lock • +1% Chance to not Consume the Dungeon Keys when Entering a Challenge Dungeon
Area 265;Bypassing the Lock • +1% Chance to not Consume the Dungeon Keys when Entering a Challenge Dungeon
Area 266;Bypassing the Lock • +1% Chance to not Consume the Dungeon Keys when Entering a Challenge Dungeon
Area 267;Peak Valuation • +200% Increases the Chance od Dropping High Quality Materials from the Challenge Dungeon Chest
Area 268;Colossal Mimicry • +15% Chance for the Challenge Dungeon Chest to Spawn a Colossal Mimic
Area 269;Bypassing the Lock • +1% Chance to not Consume the Dungeon Keys when Entering a Challenge Dungeon
Area 270;Bypassing the Lock • +1% Chance to not Consume the Dungeon Keys when Entering a Challenge Dungeon
Area 271;Bloated Dungeon • +1 Increases the Size of Mosnter Packs in Dungeons
Area 272;Bloated Dungeon • +1 Increases the Size of Mosnter Packs in Dungeons
Area 273;Dwelling Treasure Chest • +20% Chance to Open the Challenge Dungeon Chest an Additional Time 
Area 274;Growing Mayhem • +5% Increases the Amount of Monsters Spawned by the Eternal Battlefield
Area 275;Growing Mayhem • +5% Increases the Amount of Monsters Spawned by the Eternal Battlefield
Area 276;Growing Mayhem • +5% Increases the Amount of Monsters Spawned by the Eternal Battlefield
Area 277;The Call to War • +1% Increased Chance to Spawn an Ethernal Battlefield in Your Maps
Area 278;The Call to War • +1% Increased Chance to Spawn an Ethernal Battlefield in Your Maps
Area 279;The Call to War • +1% Increased Chance to Spawn an Ethernal Battlefield in Your Maps
Area 280;Tokens of Battle • +1% Increased Chance to Drop Battle Fragments from Monster Spawned Eternal Battlefield by
Area 281;Tokens of Battle • +1% Increased Chance to Drop Battle Fragments from Monster Spawned Eternal Battlefield by
Area 282;Mirror Execution • +25% Chance to Clone Sung Lee Inside Eternal Battlefield Double Suffring, Double the Reward
Area 283;Encore of War • +25% Chance to Spawn an Additional Eternal Battlefield Portal Instead of Portal to Town After Killing Sung Lee
Area 284;Spoils of War • +15% Increased Chance to Drop Rare Materials From the Eternal Battlefield Zone
Area 285;The Call to War • +1% Increased Chance to Spawn an Ethernal Battlefield in Your Maps
Area 286;The Call to War • +1% Increased Chance to Spawn an Ethernal Battlefield in Your Maps
Area 287;Growing Mayhem • +5% Increases the Amount of Monsters Spawned by the Eternal Battlefield
Area 288;Growing Mayhem • +5% Increases the Amount of Monsters Spawned by the Eternal Battlefield
Area 289;Never Ending Conflict • +25% Chance Eternal Battlefield to Restart After Cleared. This Effect can Only Occur Once
Area 290;Blitzkrieg • +2% Increases the Speed of Which Eternal Battlefield Opens and Closes Causing Monsters to be Spawned Faster
Area 291;Blitzkrieg • +2% Increases the Speed of Which Eternal Battlefield Opens and Closes Causing Monsters to be Spawned Faster
Area 292;The Call to War • +1% Increased Chance to Spawn an Ethernal Battlefield in Your Maps
Area 293;The Call to War • +1% Increased Chance to Spawn an Ethernal Battlefield in Your Maps
Area 294;The Key to Battle • 1% Chance to Ancient Monsters from Eternal Battlefield Portal Event to Drop a Stack of  Battle Fragments when Killed
Area 295;Real of Angels • +1% Chance for Overworld Monsters to Spawn with the Fallen Angel Affix
Area 296;Real of Angels • +1% Chance for Overworld Monsters to Spawn with the Fallen Angel Affix
Area 297;Real of Angels • +1% Chance for Overworld Monsters to Spawn with the Fallen Angel Affix
Area 298;N/A
Area 299;N/A
Area 300;N/A
Area 301;Magic Find • +1% Increased Total Magic Find
Area 302;Magic Find • +1% Increased Total Magic Find
Area 303;Magic Find • +1% Increased Total Magic Find
Area 304;Magic Find • +1% Increased Total Magic Find
Area 305;Magic Find • +1% Increased Total Magic Find
Area 306;Heimdall's Blessing • +1 Increased the Chance of Overworld Monsters
Area 307;Heimdall's Blessing • +1 Increased the Chance of Overworld Monsters
Area 308;Heimdall's Blessing • +1 Increased the Chance of Overworld Monsters
Area 309;Real of Angels • +1% Chance for Overworld Monsters to Spawn with the Fallen Angel Affix
Area 310;Real of Angels • +1% Chance for Overworld Monsters to Spawn with the Fallen Angel Affix
Area 311;Real of Angels • +1% Chance for Overworld Monsters to Spawn with the Fallen Angel Affix
Area 312;Presence of Evil • +1% Increased the Chance of Chests in Overworld Zones Containing a Mimic
Area 313;Presence of Evil • +1% Increased the Chance of Chests in Overworld Zones Containing a Mimic
Area 314;Vengeful Goblins • +0,25% Ancient Monsters in Overworlds Zones Have a Chance to Respawn as a Randow Goblin when Killed
Area 315;The Guardian's of Hell • +0,50% Chance for Overworld Monsters to Spawn With the Guardian of Hell Affix
Area 316;N/A
Area 317;N/A
Area 318;Sonya's Hunt • +1% Increased the Chance of Overworld Monsters Dropping Dungeon Keys when Killed
Area 319;Sonya's Hunt • +1% Increased the Chance of Overworld Monsters Dropping Dungeon Keys when Killed
Area 320;Back to Basics • +35% Increased Total Magic Find in Overworld Maps but you no Longer Spawn any Mechanics in your Maps
Area 321;Treasure Chests • +1¨Ancient Monsters in Overworld Zones Have a Chance to Drop a Chest when Killed
Area 322;N/A
Area 323;N/A
Area 324;Magic Find • +1% Increased Total Magic Find
Area 325;Magic Find • +1% Increased Total Magic Find
Area 326;Magic Find • +1% Increased Total Magic Find
Area 327;Unholy Luck • +1% Chance to Double the Amount of Prime Evil Parts Dropped From Act Bosses
Area 328;Unholy Luck • +1% Chance to Double the Amount of Prime Evil Parts Dropped From Act Bosses
Area 329;Unholy Luck • +1% Chance to Double the Amount of Prime Evil Parts Dropped From Act Bosses
Area 330;Presence of Evil • +1% Increased Chance to Drop Prime Evil Parts from Act Bosses
Area 331;Presence of Evil • +1% Increased Chance to Drop Prime Evil Parts from Act Bosses
Area 332;Presence of Evil • +1% Increased Chance to Drop Prime Evil Parts from Act Bosses
Area 333;Magic Find • +1% Increased Total Magic Find
Area 334;Magic Find • +1% Increased Total Magic Find
Area 335;Guardians of Evil • +40% Increases the Magic Find of Monsters Inside Act Bosses Dungeons
Area 336;Guardians of Evil • +40% Increases the Magic Find of Monsters Inside Act Bosses Dungeons
Area 337;Magic Find • +1% Increased Total Magic Find
Area 338;Magic Find • +1% Increased Total Magic Find
Area 339;Whispering Shadows • +1% Increased Chance to Spawn a Shadow Realm in your Maps
Area 340;Whispering Shadows • +1% Increased Chance to Spawn a Shadow Realm in your Maps
Area 341;Whispering Shadows • +1% Increased Chance to Spawn a Shadow Realm in your Maps
Area 342;Whispering Shadows • +1% Increased Chance to Spawn a Shadow Realm in your Maps
Area 343;Dwelling Shadows • +1 Increases the Size of Monster Packs Within the Shadow Realm
Area 344;Dwelling Shadows • +1 Increases the Size of Monster Packs Within the Shadow Realm
Area 345;Dwelling Shadows • +1 Increases the Size of Monster Packs Within the Shadow Realm
Area 346;Magic Find • +1% Increased Total Magic Find
Area 347;Magic Find • +1% Increased Total Magic Find
Area 348;Magic Find • +1% Increased Total Magic Find
Area 349;Guardians of Evil • +40% Increases the Magic Find of Monsters Inside Act Bosses Dungeons
Area 350;Presence of Evil • +1% Increased Chance to Drop Prime Evil Parts from Act Bosses
Area 351;Presence of Evil • +1% Increased Chance to Drop Prime Evil Parts from Act Bosses
Area 352;Presence of Evil • +1% Increased Chance to Drop Prime Evil Parts from Act Bosses
Area 353;Guardians of Evil • +40% Increases the Magic Find of Monsters Inside Act Bosses Dungeons
Area 354;Presence of Evil • +1% Increased Chance to Drop Prime Evil Parts from Act Bosses
Area 355;Presence of Evil • +1% Increased Chance to Drop Prime Evil Parts from Act Bosses
Area 356;The Key of Terror • +1% Chance to Drop a Key of Terror when Killing an Act Boss
Area 357;Manifesting Cycle • +5% Act Bosses Gain the Chance to Drop a Prime Evil Part From the Next Boss in the Cycle
Area 358;Guardians of Evil • +40% Increases the Magic Find of Monsters Inside Act Bosses Dungeons
Area 359;Unkillable Evil • +25% Chance for an Act Boss to Respawn After Being Killed
Area 360;Unholy Luck • +1% Chance to Double the Amount of Prime Evil Parts Dropped From Act Bosses
Area 361;Unholy Luck • +1% Chance to Double the Amount of Prime Evil Parts Dropped From Act Bosses
Area 362;Prime Trasure • +1% Chance to Spawn a Ruby Chest After Killing an Act Boss
Area 363;Prime Trasure • +1% Chance to Spawn a Ruby Chest After Killing an Act Boss
Area 364;Soul Sacrifice • +100% You can no Longer Drop Prime Evil Parts from Act Bosses, But Double the Chances to Drop a Soul Gem
Area 365;Son of Lucifer • +25% Chance to Clone Damien Within Fallen Inoya. Double the Suffering, Double the Reward
Area 366;Presence of Evil • +1% Increased Chance to Drop Prime Evil Parts from Act Bosses
Area 367;Presence of Evil • +1% Increased Chance to Drop Prime Evil Parts from Act Bosses
Area 368;Shadow Carriers • +1% Ancient Monsters Within the Shadow Realm Have a Chance to Respawn as Shadow Goblins
Area 369;Whispering Shadows • +1% Increased Chance to Spawn a Shadow Realm in your Maps
Area 370;Whispering Shadows • +1% Increased Chance to Spawn a Shadow Realm in your Maps
Area 371;Whispering Shadows • +1% Increased Chance to Spawn a Shadow Realm in your Maps
Area 372;Whispering Shadows • +1% Increased Chance to Spawn a Shadow Realm in your Maps
Area 373;Whispering Shadows • +1% Increased Chance to Spawn a Shadow Realm in your Maps
Area 374;Dimensional Abudance • +1% Increased Chance to Drop Dimensional Shards from Monster Within the Shadow Realm
Area 375;Dimensional Abudance • +1% Increased Chance to Drop Dimensional Shards from Monster Within the Shadow Realm
Area 376;Key to the Shadow • +1% Chance to the Ancient Monster Within the Shadow Realm to Drop a Stack of Dimensional Shards
Area 377;Black Market Hierarchy • +10% Increases the Chance of Veras to Spawn as a Higher Tier Merchant
Area 378;Dwelling Shadows • +1 Increases the Size of Monster Packs Within the Shadow Realm
Area 379;Dwelling Shadows • +1 Increases the Size of Monster Packs Within the Shadow Realm
Area 380;Whispering Shadows • +1% Increased Chance to Spawn a Shadow Realm in your Maps
Area 381;Whispering Shadows • +1% Increased Chance to Spawn a Shadow Realm in your Maps
Area 382;Twice the Shadow • +25% Chance to Clone Shade of Death Within Reaper's Breach. Double the Suffering, Double the Reward
Area 383;Fortune of Shadow • +50% Inceased Total Magic Find in Shadow Realm
Area 384;Whispering Shadows • +1% Increased Chance to Spawn a Shadow Realm in your Maps
Area 385;Whispering Shadows • +1% Increased Chance to Spawn a Shadow Realm in your Maps
Area 386;Dimensional Abudance • +1% Increased Chance to Drop Dimensional Shards from Monster Within the Shadow Realm
Area 387;Dimensional Abudance • +1% Increased Chance to Drop Dimensional Shards from Monster Within the Shadow Realm
Area 388;Dimensional Abudance • +1% Increased Chance to Drop Dimensional Shards from Monster Within the Shadow Realm
Area 389;Magic Find • +1% Increased Total Magic Find
Area 390;Magic Find • +1% Increased Total Magic Find
Area 391;Magic Find • +1% Increased Total Magic Find
Area 392;Magic Find • +1% Increased Total Magic Find
Area 393;Magic Find • +1% Increased Total Magic Find
Area 394;N/A